{
  "session_id": "session_20250304_015251_33956",
  "start_time": 1741081971.9029884,
  "end_time": 1741081979.0444286,
  "duration": 7.141440153121948,
  "log_file": "logs\\sessions\\session_20250304_015251_33956\\game_log.log",
  "snapshot_count": 0,
  "duplet_count": 0
}