{
  "session_id": "session_20250303_211205_30760",
  "start_time": 1741065125.9521434,
  "end_time": 1741065131.3431222,
  "duration": 5.390978813171387,
  "log_file": "logs\\sessions\\session_20250303_211205_30760\\game_log.log",
  "snapshot_count": 5,
  "duplet_count": 0
}