{
  "session_id": "session_20250304_015959_32052",
  "start_time": 1741082399.1960878,
  "end_time": 1741082400.0685074,
  "duration": 0.8724195957183838,
  "log_file": "logs\\sessions\\session_20250304_015959_32052\\game_log.log",
  "snapshot_count": 0,
  "duplet_count": 0
}