{
  "session_id": "session_20250303_211233_26308",
  "start_time": 1741065153.2667415,
  "end_time": 1741065162.6293652,
  "duration": 9.362623691558838,
  "log_file": "logs\\sessions\\session_20250303_211233_26308\\game_log.log",
  "snapshot_count": 10,
  "duplet_count": 0
}