{
  "session_id": "session_20250303_184707_33424",
  "start_time": 1741056427.3657846,
  "end_time": 1741056428.1239536,
  "duration": 0.7581689357757568,
  "log_file": "logs\\sessions\\session_20250303_184707_33424\\game_log.log",
  "snapshot_count": 0,
  "duplet_count": 0
}