{
  "session_id": "session_20250304_015320_14756",
  "start_time": 1741082000.9161534,
  "end_time": 1741082001.5605445,
  "duration": 0.6443910598754883,
  "log_file": "logs\\sessions\\session_20250304_015320_14756\\game_log.log",
  "snapshot_count": 0,
  "duplet_count": 0
}