{
  "session_id": "session_20250304_021535_20148",
  "start_time": 1741083335.440775,
  "end_time": 1741083342.3352506,
  "duration": 6.894475698471069,
  "log_file": "logs\\sessions\\session_20250304_021535_20148\\game_log.log",
  "snapshot_count": 0,
  "duplet_count": 0
}