{
  "session_id": "session_20250304_021145_20440",
  "start_time": 1741083105.6439564,
  "end_time": 1741083106.481785,
  "duration": 0.8378286361694336,
  "log_file": "logs\\sessions\\session_20250304_021145_20440\\game_log.log",
  "snapshot_count": 0,
  "duplet_count": 0
}