{
  "session_id": "session_20250304_015417_24144",
  "start_time": 1741082057.478364,
  "end_time": 1741082066.9566371,
  "duration": 9.478273153305054,
  "log_file": "logs\\sessions\\session_20250304_015417_24144\\game_log.log",
  "snapshot_count": 0,
  "duplet_count": 0
}