{
  "session_id": "session_20250303_204631_28056",
  "start_time": 1741063591.771491,
  "end_time": 1741063600.909015,
  "duration": 9.137523889541626,
  "log_file": "logs\\sessions\\session_20250303_204631_28056\\game_log.log",
  "snapshot_count": 9,
  "duplet_count": 0
}