{
  "session_id": "session_20250304_020914_3812",
  "start_time": 1741082954.5949275,
  "end_time": 1741082954.6151392,
  "duration": 0.02021169662475586,
  "log_file": "logs\\sessions\\session_20250304_020914_3812\\game_log.log",
  "snapshot_count": 0,
  "duplet_count": 0
}