{
  "session_id": "session_20250303_184659_24360",
  "start_time": 1741056419.2381735,
  "end_time": 1741056419.999676,
  "duration": 0.7615025043487549,
  "log_file": "logs\\sessions\\session_20250303_184659_24360\\game_log.log",
  "snapshot_count": 0,
  "duplet_count": 0
}