{
  "session_id": "session_20250304_022411_23300",
  "start_time": 1741083851.4948483,
  "end_time": 1741083861.0061517,
  "duration": 9.511303424835205,
  "log_file": "logs\\sessions\\session_20250304_022411_23300\\game_log.log",
  "snapshot_count": 0,
  "duplet_count": 0
}