{
  "session_id": "session_20250303_184651_6092",
  "start_time": 1741056411.6514938,
  "end_time": 1741056412.3871782,
  "duration": 0.7356843948364258,
  "log_file": "logs\\sessions\\session_20250303_184651_6092\\game_log.log",
  "snapshot_count": 0,
  "duplet_count": 0
}