{
  "session_id": "session_20250304_020955_34976",
  "start_time": 1741082995.1960647,
  "end_time": 1741082995.2015977,
  "duration": 0.005532979965209961,
  "log_file": "logs\\sessions\\session_20250304_020955_34976\\game_log.log",
  "snapshot_count": 0,
  "duplet_count": 0
}