{
  "session_id": "session_20250303_210123_32344",
  "start_time": 1741064483.2071786,
  "end_time": 1741064487.4577985,
  "duration": 4.250619888305664,
  "log_file": "logs\\sessions\\session_20250303_210123_32344\\game_log.log",
  "snapshot_count": 5,
  "duplet_count": 0
}