{
  "session_id": "session_20250304_020927_36604",
  "start_time": 1741082967.736878,
  "end_time": 1741082967.7420719,
  "duration": 0.005193948745727539,
  "log_file": "logs\\sessions\\session_20250304_020927_36604\\game_log.log",
  "snapshot_count": 0,
  "duplet_count": 0
}