{
  "session_id": "session_20250304_022458_33232",
  "start_time": 1741083898.4883375,
  "end_time": 1741083908.151467,
  "duration": 9.663129568099976,
  "log_file": "logs\\sessions\\session_20250304_022458_33232\\game_log.log",
  "snapshot_count": 0,
  "duplet_count": 0
}