{
  "session_id": "session_20250304_004711_4568",
  "start_time": 1741078031.8402903,
  "end_time": 1741078041.1418345,
  "duration": 9.301544189453125,
  "log_file": "logs\\sessions\\session_20250304_004711_4568\\game_log.log",
  "snapshot_count": 0,
  "duplet_count": 0
}