{
  "session_id": "session_20250303_183823_15680",
  "start_time": 1741055903.8646472,
  "end_time": 1741055904.6811619,
  "duration": 0.8165147304534912,
  "log_file": "logs\\sessions\\session_20250303_183823_15680\\game_log.log",
  "snapshot_count": 0,
  "duplet_count": 0
}