{
  "session_id": "session_20250303_183843_27284",
  "start_time": 1741055923.548483,
  "end_time": 1741055924.2545018,
  "duration": 0.7060189247131348,
  "log_file": "logs\\sessions\\session_20250303_183843_27284\\game_log.log",
  "snapshot_count": 0,
  "duplet_count": 0
}