{
  "session_id": "session_20250304_022440_35516",
  "start_time": 1741083880.7985756,
  "end_time": 1741083890.5942328,
  "duration": 9.79565715789795,
  "log_file": "logs\\sessions\\session_20250304_022440_35516\\game_log.log",
  "snapshot_count": 0,
  "duplet_count": 0
}