{
  "session_id": "session_20250303_211051_23284",
  "start_time": 1741065051.7282753,
  "end_time": 1741065052.0914404,
  "duration": 0.36316514015197754,
  "log_file": "logs\\sessions\\session_20250303_211051_23284\\game_log.log",
  "snapshot_count": 1,
  "duplet_count": 0
}