{
  "session_id": "session_20250304_022338_35712",
  "start_time": 1741083818.4683084,
  "end_time": 1741083829.2865298,
  "duration": 10.8182213306427,
  "log_file": "logs\\sessions\\session_20250304_022338_35712\\game_log.log",
  "snapshot_count": 0,
  "duplet_count": 0
}