{
  "session_id": "session_20250303_183833_3948",
  "start_time": 1741055913.4683146,
  "end_time": 1741055914.1605496,
  "duration": 0.692234992980957,
  "log_file": "logs\\sessions\\session_20250303_183833_3948\\game_log.log",
  "snapshot_count": 0,
  "duplet_count": 0
}