{
  "session_id": "session_20250303_204454_29936",
  "start_time": 1741063494.8443525,
  "end_time": 1741063495.2794013,
  "duration": 0.43504881858825684,
  "log_file": "logs\\sessions\\session_20250303_204454_29936\\game_log.log",
  "snapshot_count": 1,
  "duplet_count": 0
}