{
  "session_id": "session_20250304_004310_29660",
  "start_time": 1741077790.3831077,
  "end_time": 1741077790.6722827,
  "duration": 0.28917503356933594,
  "log_file": "logs\\sessions\\session_20250304_004310_29660\\game_log.log",
  "snapshot_count": 0,
  "duplet_count": 0
}