{
  "session_id": "session_20250304_002949_29792",
  "start_time": 1741076989.663666,
  "end_time": 1741076999.138763,
  "duration": 9.475096940994263,
  "log_file": "logs\\sessions\\session_20250304_002949_29792\\game_log.log",
  "snapshot_count": 0,
  "duplet_count": 0
}