{
  "session_id": "session_20250304_020004_28196",
  "start_time": 1741082404.7437265,
  "end_time": 1741082405.5992348,
  "duration": 0.8555083274841309,
  "log_file": "logs\\sessions\\session_20250304_020004_28196\\game_log.log",
  "snapshot_count": 0,
  "duplet_count": 0
}