{
  "session_id": "session_20250304_003013_30076",
  "start_time": 1741077013.7503128,
  "end_time": 1741077018.1600773,
  "duration": 4.409764528274536,
  "log_file": "logs\\sessions\\session_20250304_003013_30076\\game_log.log",
  "snapshot_count": 0,
  "duplet_count": 0
}