{
  "session_id": "session_20250304_023049_7176",
  "start_time": 1741084249.2609327,
  "end_time": 1741084258.8361914,
  "duration": 9.575258731842041,
  "log_file": "logs\\sessions\\session_20250304_023049_7176\\game_log.log",
  "snapshot_count": 0,
  "duplet_count": 0
}