{
  "session_id": "session_20250304_014850_32996",
  "start_time": 1741081730.3865519,
  "end_time": 1741081731.5837386,
  "duration": 1.1971867084503174,
  "log_file": "logs\\sessions\\session_20250304_014850_32996\\game_log.log",
  "snapshot_count": 0,
  "duplet_count": 0
}