{
  "session_id": "session_20250304_022547_36520",
  "start_time": 1741083947.46663,
  "end_time": 1741083957.113593,
  "duration": 9.646963119506836,
  "log_file": "logs\\sessions\\session_20250304_022547_36520\\game_log.log",
  "snapshot_count": 0,
  "duplet_count": 0
}