{
  "session_id": "session_20250304_022523_25816",
  "start_time": 1741083923.1245642,
  "end_time": 1741083932.243453,
  "duration": 9.118888854980469,
  "log_file": "logs\\sessions\\session_20250304_022523_25816\\game_log.log",
  "snapshot_count": 0,
  "duplet_count": 0
}