{
  "session_id": "session_20250304_022511_35132",
  "start_time": 1741083911.5444279,
  "end_time": 1741083920.867058,
  "duration": 9.322630167007446,
  "log_file": "logs\\sessions\\session_20250304_022511_35132\\game_log.log",
  "snapshot_count": 0,
  "duplet_count": 0
}