{
  "session_id": "session_20250303_205711_32144",
  "start_time": 1741064231.9987016,
  "end_time": 1741064240.4807673,
  "duration": 8.482065677642822,
  "log_file": "logs\\sessions\\session_20250303_205711_32144\\game_log.log",
  "snapshot_count": 9,
  "duplet_count": 0
}