{
  "session_id": "session_20250304_004752_17240",
  "start_time": 1741078072.732006,
  "end_time": 1741078081.1835613,
  "duration": 8.451555252075195,
  "log_file": "logs\\sessions\\session_20250304_004752_17240\\game_log.log",
  "snapshot_count": 0,
  "duplet_count": 0
}