{
  "session_id": "session_20250303_211127_4204",
  "start_time": 1741065087.215604,
  "end_time": 1741065088.5814557,
  "duration": 1.365851640701294,
  "log_file": "logs\\sessions\\session_20250303_211127_4204\\game_log.log",
  "snapshot_count": 1,
  "duplet_count": 0
}