{
  "session_id": "session_20250304_020959_36608",
  "start_time": 1741082999.164592,
  "end_time": 1741082999.8718698,
  "duration": 0.707277774810791,
  "log_file": "logs\\sessions\\session_20250304_020959_36608\\game_log.log",
  "snapshot_count": 0,
  "duplet_count": 0
}