{
  "session_id": "session_20250304_004507_32164",
  "start_time": 1741077907.2220874,
  "end_time": 1741077907.5524497,
  "duration": 0.33036231994628906,
  "log_file": "logs\\sessions\\session_20250304_004507_32164\\game_log.log",
  "snapshot_count": 0,
  "duplet_count": 0
}