{
  "session_id": "session_20250303_210336_30320",
  "start_time": 1741064616.6399887,
  "end_time": 1741064621.2262704,
  "duration": 4.586281776428223,
  "log_file": "logs\\sessions\\session_20250303_210336_30320\\game_log.log",
  "snapshot_count": 6,
  "duplet_count": 0
}