{
  "session_id": "session_20250303_184939_21404",
  "start_time": 1741056579.0610657,
  "end_time": 1741056579.8229911,
  "duration": 0.761925458908081,
  "log_file": "logs\\sessions\\session_20250303_184939_21404\\game_log.log",
  "snapshot_count": 0,
  "duplet_count": 0
}