{
  "session_id": "session_20250303_210511_25148",
  "start_time": 1741064711.2114568,
  "end_time": 1741064719.552383,
  "duration": 8.340926170349121,
  "log_file": "logs\\sessions\\session_20250303_210511_25148\\game_log.log",
  "snapshot_count": 9,
  "duplet_count": 0
}